words,links,capital_words,spam_word_count,is_spam
923,4,20,5,1
66,2,29,3,1
589,3,24,5,1
637,5,8,10,1
988,3,14,4,1
164,2,4,2,0
189,10,26,4,1
520,3,24,0,1
134,9,11,1,1
189,0,2,0,0
417,4,4,8,1
80,3,1,0,0
336,3,3,4,0
220,1,3,0,0
202,2,2,0,0
389,1,27,2,1
242,0,1,1,0
640,3,16,2,1
454,9,27,9,1
846,3,16,5,1
881,2,15,6,1
434,8,20,9,1
180,10,23,6,1
217,7,23,7,1
360,3,0,1,0
137,2,2,0,0
126,1,2,1,0
363,1,1,2,0
442,1,3,1,0
168,2,1,2,0
757,9,30,3,1
695,3,25,10,1
304,1,6,2,0
178,8,22,10,1
924,8,15,10,1
721,3,5,0,1
96,0,1,6,0
177,2,13,8,1
491,1,10,3,0
311,9,29,3,1
362,8,23,8,1
500,4,18,3,1
70,2,7,2,0
162,0,0,0,0
554,5,7,6,1
908,3,10,5,1
608,4,29,2,1
261,1,3,0,0
988,8,13,10,1
631,6,22,0,1
278,5,2,0,0
26,2,1,1,0
60,0,9,4,0
709,4,0,3,1
892,5,6,5,1
275,2,0,2,0
138,5,2,1,0
226,2,2,0,0
483,0,2,6,0
449,1,3,1,0
451,1,2,1,0
163,3,5,9,1
189,2,26,1,1
133,0,2,0,0
155,2,1,1,0
125,5,28,5,1
236,8,19,7,1
219,4,0,2,0
413,8,24,1,1
158,2,8,3,1
222,2,0,5,0
94,1,2,0,0
161,3,26,8,1
153,8,24,5,1
241,1,10,1,0
49,0,8,1,0
204,1,2,0,0
143,8,30,6,1
106,0,3,0,0
95,1,3,1,0
26,1,3,0,0
190,9,18,8,1
734,8,22,3,1
649,7,11,0,1
438,7,5,6,1
231,1,2,6,0
263,1,3,1,0
718,6,8,4,1
111,2,7,3,1
412,6,6,4,1
363,5,11,5,1
128,1,24,1,1
298,3,22,8,1
29,2,3,5,0
29,1,1,1,0
122,0,8,1,1
59,2,0,0,0
271,1,3,6,0
818,4,11,4,1
822,2,10,8,1
153,5,0,0,0
38,2,0,6,0
359,2,1,0,0
629,7,29,10,1
259,1,3,0,0
256,0,1,2,0
216,0,8,2,0
782,6,6,8,1
272,0,3,0,0
792,6,28,7,1
306,1,6,0,0
682,4,16,3,1
173,2,1,1,0
64,1,4,2,0
679,8,7,10,1
273,2,26,6,1
243,2,0,0,0
155,2,8,1,0
143,2,1,1,0
251,2,2,2,0
282,1,1,1,0
198,2,2,0,0
438,4,1,0,0
48,2,9,1,0
193,1,3,1,0
100,1,0,0,0
148,0,0,2,0
232,2,4,2,0
540,8,0,8,1
254,4,4,8,1
57,1,10,2,0
98,0,8,1,0
92,3,17,5,1
986,5,27,5,1
154,2,2,2,0
938,6,0,9,1
438,1,3,5,0
644,2,23,6,1
207,2,9,2,0
247,2,0,0,0
236,1,0,2,0
141,10,29,5,1
83,8,14,8,1
554,0,28,10,1
194,8,5,8,1
234,1,3,1,0
526,2,24,6,1
172,9,2,6,1
182,1,1,1,0
66,3,18,8,1
670,2,16,2,1
601,8,5,9,1
290,2,2,2,0
254,1,0,2,0
495,1,1,3,0
959,2,30,3,1
367,3,2,2,0
336,0,22,3,1
373,4,1,3,0
613,8,12,8,1
273,2,10,2,0
153,5,13,3,1
238,0,2,2,0
171,1,3,1,0
159,2,9,2,0
650,6,17,9,1
506,10,9,10,1
410,5,22,9,1
283,3,11,9,1
771,0,12,8,1
744,6,2,3,1
215,2,0,4,0
140,10,18,9,1
736,2,25,5,1
789,0,14,0,1
160,1,3,0,0
94,3,2,2,0
156,1,3,2,0
916,6,22,7,1
21,0,6,1,0
413,8,28,4,1
237,0,3,2,0
459,1,0,2,0
137,1,3,0,0
275,9,3,5,1
65,7,15,6,1
210,0,0,4,0
844,10,8,1,1
957,1,10,3,1
142,5,4,2,1
239,2,2,2,0
531,3,17,7,1
914,10,5,10,1
614,0,16,5,1
341,6,28,6,1
241,2,10,2,0
482,6,10,4,1
338,2,2,0,0
123,4,2,2,0
106,7,11,1,1
495,10,30,10,1
141,0,1,1,0
250,2,8,1,0
33,2,0,5,0
540,6,8,8,1
194,2,2,4,0
198,7,22,8,1
560,9,11,0,1
88,2,18,8,1
470,3,22,10,1
325,2,3,0,0
175,0,0,1,0
194,0,3,5,0
221,1,4,1,0
590,2,30,8,1
184,5,27,10,1
860,9,13,10,1
314,9,7,4,1
80,2,3,0,0
792,2,18,3,1
489,2,1,0,0
128,2,3,1,0
214,2,0,0,0
892,6,8,6,1
737,2,22,1,1
130,2,9,3,1
104,1,3,1,0
78,0,7,1,0
169,2,0,2,0
122,1,1,1,0
374,3,17,3,1
100,3,11,8,1
209,3,0,0,0
194,2,1,0,0
211,1,2,2,0
121,0,17,4,1
195,0,7,1,0
198,4,27,10,1
65,2,8,0,0
253,2,3,2,0
168,1,0,1,0
239,4,5,2,1
98,8,16,2,1
796,3,25,2,1
103,0,0,1,0
277,1,5,2,0
126,0,13,10,1
277,2,8,1,0
135,3,17,9,1
414,1,1,0,0
168,1,29,4,1
514,2,11,3,1
947,8,23,4,1
98,2,0,2,0
140,8,15,5,1
703,4,6,10,1
715,6,26,5,1
343,5,5,0,0
269,2,0,5,0
601,2,25,5,1
517,6,6,7,1
279,2,1,1,0
157,1,2,1,0
613,6,5,9,1
994,9,20,1,1
255,2,3,2,0
211,1,0,2,0
444,7,15,7,1
347,9,8,0,1
104,2,3,0,0
250,0,2,2,0
139,0,3,1,0
180,2,0,1,0
54,4,3,1,0
84,3,7,2,0
274,4,3,4,0
229,1,0,6,0
517,6,19,4,1
168,4,2,1,0
143,4,0,8,1
517,2,18,10,1
34,2,1,0,0
170,2,2,2,0
128,1,3,0,0
805,10,3,1,1
589,8,20,6,1
53,2,2,2,0
371,4,7,6,1
103,1,3,2,0
137,2,0,6,1
882,7,21,3,1
325,9,11,5,1
181,7,30,6,1
605,7,16,7,1
751,6,1,9,1
256,4,3,8,1
975,8,20,5,1
133,0,10,2,0
706,7,27,7,1
572,0,5,5,1
284,2,3,1,0
232,1,2,1,0
525,3,20,1,1
230,3,14,7,1
327,0,3,0,0
201,2,9,2,0
190,9,22,8,1
460,2,9,8,1
269,0,1,2,0
125,1,3,2,0
259,1,0,0,0
125,2,0,2,0
270,1,3,4,0
60,1,7,3,0
307,7,7,3,1
21,2,3,1,0
150,0,3,2,0
159,1,2,1,0
173,2,1,5,0
212,2,0,6,0
86,5,27,8,1
23,0,1,6,0
344,9,1,1,1
208,0,0,1,0
196,0,3,4,0
594,6,19,3,1
390,7,26,5,1
415,6,29,6,1
884,4,5,8,1
172,2,2,2,0
76,1,3,2,0
247,2,3,2,0
32,1,2,0,0
151,1,0,1,0
78,1,1,2,0
595,0,27,6,1
108,6,9,2,1
121,3,3,5,1
429,9,27,9,1
215,0,0,0,0
195,10,25,3,1
143,4,5,4,1
50,10,0,4,1
470,1,18,9,1
364,10,24,8,1
28,1,2,2,0
898,2,3,7,1
640,4,2,0,1
237,3,0,6,0
59,1,3,2,0
400,10,27,10,1
453,3,1,0,0
88,4,2,2,0
244,2,1,7,1
267,0,3,6,0
247,8,8,8,1
216,10,24,3,1
442,0,23,5,1
357,6,15,7,1
990,3,24,7,1
277,9,24,8,1
206,4,20,6,1
930,0,5,7,1
816,9,12,5,1
258,0,3,2,0
823,5,9,9,1
183,0,2,0,0
143,0,4,0,0
243,2,0,1,0
20,1,3,0,0
762,2,25,2,1
416,2,0,2,0
647,7,22,9,1
573,10,30,3,1
531,3,25,3,1
264,1,4,1,0
292,1,2,1,0
150,4,16,0,1
676,4,9,4,1
283,2,3,5,0
374,4,18,8,1
531,0,6,3,1
281,1,2,0,0
559,10,21,10,1
632,4,24,4,1
540,7,28,10,1
430,8,18,6,1
299,1,2,0,0
665,8,6,5,1
217,3,18,9,1
303,2,12,9,1
399,9,21,2,1
179,0,2,0,0
364,1,1,1,0
941,9,8,0,1
156,2,2,5,0
161,5,27,6,1
54,1,3,3,0
310,9,16,1,1
860,5,16,6,1
390,6,23,3,1
474,9,19,7,1
191,6,19,8,1
569,10,30,8,1
294,5,2,1,0
488,0,3,2,0
430,7,5,9,1
243,1,1,5,0
186,2,1,1,0
250,2,3,6,0
160,2,2,2,0
140,2,20,3,1
226,1,10,1,0
104,1,10,0,0
865,9,5,3,1
205,1,8,0,0
118,9,10,5,1
68,0,1,2,0
195,2,0,1,0
610,8,20,5,1
257,1,1,2,0
58,0,2,2,0
287,1,8,2,0
133,1,2,2,0
741,3,13,10,1
640,9,15,8,1
317,3,24,3,1
231,1,3,6,0
199,2,2,1,0
205,1,0,5,0
218,2,3,1,0
316,8,22,4,1
290,0,3,6,0
431,6,20,10,1
591,1,18,9,1
800,3,15,3,1
958,8,11,2,1
170,2,0,0,0
67,1,3,1,0
240,1,0,2,0
726,2,22,4,1
275,2,26,7,1
254,0,3,1,0
198,1,3,9,1
431,6,15,9,1
879,8,19,6,1
340,2,9,8,1
59,0,1,2,0
643,5,27,6,1
632,5,29,5,1
240,0,2,0,0
183,2,0,1,0
243,1,3,0,0
100,2,2,1,0
158,9,25,9,1
207,6,2,5,1
151,1,3,2,0
198,3,3,2,0
91,3,0,2,0
905,4,5,8,1
152,2,1,6,0
358,0,21,6,1
177,0,3,4,0
146,0,2,1,0
314,5,15,7,1
901,3,28,6,1
60,3,1,9,1
472,2,1,2,0
910,1,7,4,1
308,0,2,2,0
274,0,0,1,0
87,0,1,0,0
197,1,1,4,0
830,9,23,10,1
246,1,2,4,0
972,8,1,8,1
754,6,17,9,1
329,1,2,1,0
151,2,2,4,0
106,1,1,0,0
127,2,30,4,1
515,7,29,2,1
983,3,14,5,1
52,2,0,0,0
178,2,1,2,0
470,3,5,5,1
975,5,27,5,1
218,3,12,10,1
242,2,2,2,0
498,3,10,4,1
473,1,0,1,0
270,0,1,1,0
159,2,2,1,0
35,2,0,2,0
458,1,3,9,1
255,2,1,1,0
951,9,2,4,1
153,1,2,0,0
351,1,0,0,0
105,7,21,3,1
90,1,3,2,0
182,2,5,2,0
195,2,3,0,0
64,5,9,2,1
327,7,0,9,1
364,0,1,0,0
174,1,2,3,0
188,0,0,2,0
273,0,1,2,0
59,1,0,1,0
558,3,5,0,1
739,5,5,5,1
381,1,1,0,0
100,0,3,1,0
111,2,0,2,0
78,2,0,2,0
240,8,0,9,1
110,9,12,0,1
959,5,21,5,1
757,9,12,7,1
29,0,1,2,0
178,2,0,2,0
699,7,7,6,1
41,0,1,2,0
75,0,2,1,0
581,4,0,1,1
405,9,1,4,1
469,7,2,10,1
278,2,3,1,0
174,0,24,4,1
97,2,29,10,1
321,6,23,8,1
183,8,13,9,1
75,3,7,6,1
338,0,0,0,0
66,0,1,0,0
665,2,23,0,1
408,1,0,1,0
618,6,20,10,1
416,3,5,8,1
356,10,17,4,1
108,10,24,10,1
344,1,0,0,0
305,2,6,10,1
133,4,23,3,1
290,8,6,7,1
142,1,21,0,1
132,2,2,0,0
231,3,9,9,1
130,0,4,2,0
125,2,12,3,1
71,2,0,1,0
438,3,1,3,1
210,2,1,0,0
260,8,5,4,1
167,3,4,4,1
70,2,5,2,0
543,10,9,8,1
785,4,22,6,1
216,0,2,2,0
186,1,4,2,0
665,6,23,2,1
287,2,0,0,0
93,1,5,1,0
943,10,24,9,1
151,0,4,2,0
144,0,0,9,1
70,7,1,8,1
304,10,12,5,1
254,0,1,1,0
162,3,3,5,0
448,9,10,9,1
149,1,8,10,1
473,10,11,4,1
96,1,2,6,0
990,3,6,5,1
50,3,26,2,1
740,9,17,3,1
350,7,13,8,1
188,2,24,8,1
107,6,24,0,1
207,0,2,0,0
131,5,26,3,1
731,10,3,0,1
439,3,27,9,1
123,10,9,4,1
67,1,0,4,0
239,2,7,2,0
250,1,4,1,0
196,4,2,3,0
962,8,5,5,1
100,1,0,1,0
919,0,16,8,1
142,9,8,8,1
912,10,5,0,1
268,0,0,2,0
258,1,3,1,0
34,2,6,2,0
419,1,2,0,0
769,3,2,6,1
606,2,21,0,1
119,2,10,1,0
137,2,16,8,1
237,8,10,3,1
132,0,0,1,0
197,6,14,4,1
171,4,1,6,1
190,10,1,4,1
309,0,26,8,1
997,6,6,7,1
215,1,1,0,0
386,0,0,1,0
304,0,4,1,0
168,5,5,3,1
519,6,5,10,1
184,9,6,3,1
453,1,0,1,0
127,2,26,7,1
42,2,1,0,0
278,0,1,4,0
221,1,5,2,0
36,3,0,2,0
170,0,2,1,0
126,1,2,1,0
96,2,3,2,0
92,0,3,0,0
289,0,2,3,0
228,2,8,6,0
451,10,30,6,1
639,3,17,3,1
221,0,6,1,0
73,1,1,2,0
75,3,0,1,0
72,9,25,3,1
715,8,14,7,1
158,1,2,2,0
221,7,1,6,1
539,4,4,3,1
84,2,2,2,0
78,1,3,1,0
153,5,2,6,1
212,3,19,7,1
177,2,1,1,0
204,1,0,6,0
178,0,1,0,0
22,5,1,0,0
178,3,1,0,0
672,10,7,10,1
816,2,1,2,1
269,1,3,3,0
273,4,6,8,1
277,1,10,0,0
256,2,1,1,0
738,4,28,7,1
734,5,20,5,1
452,4,20,5,1
119,2,3,1,0
252,2,1,1,0
275,0,0,3,0
405,0,5,2,1
532,9,15,10,1
731,10,0,8,1
395,10,13,3,1
78,3,3,9,1
935,9,8,3,1
146,0,3,0,0
888,8,5,6,1
999,6,11,6,1
164,2,26,10,1
559,4,19,4,1
302,7,15,0,1
264,0,0,2,0
376,0,7,5,1
359,9,2,6,1
289,2,3,0,0
151,4,10,1,0
125,2,6,0,0
733,7,9,9,1
218,1,2,2,0
503,10,13,3,1
425,1,0,0,0
256,1,1,2,0
961,9,30,6,1
523,7,18,7,1
475,4,15,8,1
119,2,0,5,0
446,8,3,10,1
375,1,6,1,0
527,4,20,9,1
193,4,1,2,0
766,10,11,10,1
937,2,10,7,1
158,6,20,10,1
129,9,5,3,1
925,3,23,2,1
988,8,16,2,1
297,2,0,2,0
557,2,25,1,1
996,9,2,8,1
80,1,3,2,0
994,8,16,0,1
121,6,20,9,1
46,0,3,2,0
656,6,27,3,1
371,0,4,6,1
157,3,15,3,1
109,1,3,0,0
239,1,0,2,0
952,8,27,5,1
70,2,0,1,0
275,1,1,6,0
106,2,0,6,0
37,2,2,0,0
265,2,2,4,0
610,8,18,3,1
282,0,5,6,0
54,0,3,1,0
678,9,14,8,1
73,3,1,0,0
147,7,25,5,1
198,1,3,0,0
101,0,1,1,0
127,4,3,1,0
250,1,3,2,0
137,4,2,0,0
846,2,23,1,1
900,7,17,5,1
50,2,23,7,1
583,4,19,4,1
647,5,17,10,1
92,0,4,5,1
60,1,3,0,0
992,1,18,1,1
299,1,2,2,0
145,0,0,1,0
73,4,3,0,0
27,1,2,2,0
438,1,1,1,0
179,2,29,6,1
155,5,9,2,0
171,1,0,5,1
977,3,5,6,1
187,4,9,5,1
731,0,21,3,1
300,9,4,6,1
285,2,3,1,0
133,0,1,1,0
132,3,8,5,1
195,7,17,5,1
63,1,2,0,0
119,3,5,4,1
211,1,2,0,0
447,10,5,4,1
279,2,2,5,0
110,5,0,1,0
197,0,1,2,0
909,8,13,7,1
282,4,26,6,1
721,4,21,9,1
89,2,3,1,0
155,2,1,3,0
60,2,3,2,0
80,4,19,6,1
336,2,9,9,1
197,3,3,2,0
671,6,18,0,1
103,1,3,1,0
821,8,7,7,1
219,0,0,0,0
252,9,29,3,1
88,7,24,7,1
92,6,11,10,1
832,8,2,10,1
46,2,3,1,0
120,1,3,0,0
850,6,4,3,1
130,0,1,2,0
40,1,10,3,0
345,3,3,1,0
250,2,3,1,0
758,3,28,4,1
138,0,3,0,0
233,0,0,1,0
64,3,27,3,1
37,0,2,0,0
264,2,1,0,0
193,1,1,1,0
765,4,6,10,1
82,5,21,0,1
119,10,13,5,1
300,10,30,7,1
217,0,3,0,0
52,10,2,2,1
243,5,9,4,1
71,2,8,2,0
66,0,0,2,0
279,6,10,7,1
182,1,0,1,0
451,2,18,7,1
82,5,30,8,1
158,6,19,1,1
247,3,3,8,1
185,1,2,2,0
193,2,0,0,0
132,1,2,1,0
789,10,8,9,1
130,6,23,4,1
291,1,3,1,0
909,1,25,4,1
64,0,0,2,0
835,5,18,10,1
217,1,2,1,0
244,1,0,0,0
73,2,2,0,0
80,3,13,6,1
164,9,25,6,1
272,0,1,2,0
182,2,0,5,0
188,1,3,2,0
991,5,26,3,1
275,0,1,3,0
292,0,4,0,0
208,4,1,2,0
477,10,15,8,1
107,2,3,2,0
82,2,2,1,0
89,2,2,2,0
165,1,1,1,0
176,0,11,1,1
160,2,1,2,0
39,2,3,2,0
291,4,1,10,1
371,2,9,5,1
833,1,19,7,1
935,8,12,5,1
397,2,11,1,1
34,1,2,0,0
1000,0,30,6,1
633,6,20,6,1
155,2,17,5,1
379,0,3,2,0
698,8,14,0,1
37,1,3,2,0
779,0,6,2,1
99,2,16,9,1
165,1,2,0,0
979,8,28,5,1
160,1,2,2,0
286,1,1,0,0
376,8,19,8,1
530,10,21,7,1
249,7,10,9,1
454,2,3,5,0
26,1,2,1,0
62,0,10,2,0
764,10,23,3,1
90,4,27,10,1
163,0,0,2,0
706,4,6,7,1
139,6,3,7,1
164,1,3,1,0
226,5,8,2,0
577,9,11,8,1
271,4,4,2,0
182,4,7,8,1
647,3,22,8,1
392,7,10,2,1
294,2,3,3,0
62,2,27,8,1
192,7,17,9,1
92,2,5,1,1
614,4,28,0,1
659,1,13,5,1
388,3,21,9,1
161,1,3,1,0
994,2,10,6,1
835,10,4,8,1
54,2,1,1,0
452,10,3,4,1
768,9,4,2,1
77,7,4,1,1
103,10,5,7,1
316,3,3,5,1
46,1,3,6,0
176,1,6,2,0
82,2,0,1,0
657,1,17,3,1
528,2,12,0,1
646,4,5,7,1
98,2,3,1,0
238,1,2,1,0
204,0,3,1,0
192,0,29,4,1
165,3,4,0,0
42,1,2,2,0
184,2,1,1,0
869,2,18,1,1
356,10,3,9,1
780,9,7,3,1
917,6,2,3,1
161,0,1,2,0
170,6,6,8,1
151,4,0,6,1
244,0,0,0,0
286,0,9,1,0
758,2,21,3,1
394,8,25,8,1
596,1,3,5,1
98,2,0,3,0
545,10,7,0,1
227,1,0,4,0
166,0,9,0,0
819,9,15,4,1
322,5,2,1,0
33,0,1,1,0
272,1,0,0,0
197,9,6,3,1
815,2,13,7,1
119,0,2,0,0
193,10,7,4,1
343,5,0,4,1
121,10,23,7,1
230,0,2,5,0
377,1,11,0,1
493,3,0,2,0
79,1,3,3,0
793,3,20,3,1
630,8,27,5,1
832,4,25,7,1
190,2,0,1,0
642,5,6,6,1
64,9,10,6,1
918,6,1,5,1
168,4,6,0,1
261,2,2,2,0
750,8,5,10,1
214,3,2,1,0
824,2,4,3,1
195,1,0,0,0
290,0,1,1,0
250,10,0,4,1
135,5,3,0,0
149,3,5,10,1
873,0,17,8,1
244,2,1,1,0
177,2,2,1,0
114,7,11,3,1
127,2,15,7,1
113,0,2,4,0
45,0,2,0,0
240,0,3,5,0
180,7,21,4,1
890,10,28,8,1
308,1,3,6,0
129,10,1,5,1
190,6,13,6,1
150,0,10,0,0
279,0,3,1,0
165,0,1,1,0
280,0,7,0,0
123,1,3,1,0
212,4,3,0,0
239,0,4,2,0
110,5,0,2,0
195,4,3,8,1
725,8,3,9,1
156,1,9,1,0
87,0,0,1,0
93,9,22,1,1
115,10,29,8,1
183,3,4,3,1
274,1,1,0,0
532,7,25,4,1
185,1,0,7,1
65,3,2,7,1
252,2,2,2,0
44,0,3,4,0
180,8,30,9,1
486,9,27,3,1
456,7,24,9,1
237,1,9,2,0
102,2,0,2,0
56,3,1,5,1
409,0,3,3,0
259,2,7,7,1
162,1,1,3,0
156,2,4,8,1
836,1,24,8,1
58,3,1,10,1
237,1,3,2,0
441,0,3,2,0
90,8,23,6,1
954,9,8,6,1
984,6,20,4,1
813,9,11,0,1
242,2,2,1,0
194,1,4,5,0
208,2,1,1,0
83,3,0,0,0
67,5,2,2,0
529,5,9,7,1
162,2,1,1,0
39,1,0,0,0
288,2,2,2,0
39,1,2,0,0
879,0,12,1,1
979,2,19,6,1
281,1,4,2,0
178,3,20,3,1
208,0,0,0,0
297,10,22,7,1
217,8,24,2,1
171,0,1,0,0
171,1,7,0,0
230,0,3,2,0
88,1,5,1,0
96,7,5,10,1
444,8,0,6,1
204,2,3,0,0
402,1,1,1,0
233,0,3,2,0
451,2,5,3,1
210,4,0,1,0
385,3,25,8,1
295,2,1,3,0
106,10,11,10,1
231,1,20,5,1
134,5,1,0,0
359,9,7,8,1
184,2,10,2,0
140,10,21,9,1
261,2,0,2,0
126,0,0,1,0
791,2,30,1,1
23,0,1,1,0
155,1,1,0,0
81,0,0,1,0
245,0,2,3,0
719,9,2,8,1
234,2,2,1,0
99,2,21,7,1
212,1,3,1,0
20,3,2,1,0
127,3,24,5,1
206,0,2,2,0
140,1,3,4,0
602,8,28,6,1
241,2,5,4,1
166,2,1,2,0
131,7,20,10,1
136,1,3,5,0
458,2,2,2,0
160,2,2,0,0
149,3,30,2,1
145,0,16,3,1
134,2,1,2,0
181,1,4,3,0
633,2,19,8,1
180,1,4,1,0
172,3,2,2,0
475,1,7,7,1
394,9,3,8,1
194,10,27,5,1
148,2,9,5,1
259,8,21,9,1
730,4,15,0,1
217,5,0,1,0
328,10,1,4,1
435,2,0,1,0
196,10,1,8,1
131,0,10,4,1
850,6,22,10,1
427,3,16,6,1
286,3,2,2,0
238,3,11,9,1
53,2,16,6,1
200,1,5,1,0
214,0,3,1,0
42,2,3,1,0
535,3,11,3,1
249,0,3,2,0
208,2,15,0,1
176,1,1,2,0
718,7,26,3,1
708,3,7,8,1
46,1,2,0,0
254,8,5,5,1
76,5,0,2,0
464,7,9,9,1
225,0,3,6,0
636,9,9,6,1
74,1,3,0,0
117,2,24,5,1
333,3,5,4,1
228,1,1,5,0
455,2,3,1,0
50,0,1,2,0
69,0,3,1,0
830,5,29,5,1
645,6,23,3,1
109,1,2,2,0
340,0,2,2,0
224,1,3,2,0
152,1,3,2,0
78,8,17,10,1
209,1,2,0,0
261,1,3,0,0
157,0,23,8,1
33,1,2,2,0
633,1,19,2,1
97,1,2,0,0
160,3,2,9,1
118,2,6,8,1
474,7,27,5,1
48,0,0,1,0
687,2,23,3,1
277,0,1,1,0
891,3,10,7,1
121,0,9,6,0
162,4,2,5,0
935,4,10,8,1
810,4,15,5,1
130,8,10,3,1
454,2,0,5,0
247,10,2,6,1
191,0,3,2,0
716,4,9,8,1
283,2,0,1,0
53,2,0,2,0
150,5,3,2,0
118,7,24,7,1
50,0,3,4,1
992,2,7,1,1
22,2,0,2,0
217,2,1,1,0
162,0,3,1,0
754,9,24,4,1
352,0,3,0,0
54,7,14,4,1
95,1,3,1,0
117,2,3,4,0
973,5,21,8,1
275,1,5,0,0
174,1,4,2,0
239,1,8,1,0
388,7,24,2,1
279,9,14,3,1
268,5,5,6,1
114,0,2,0,0
665,7,29,10,1
757,8,0,6,1
182,2,26,10,1
78,1,9,2,0
119,1,0,3,0
210,10,21,4,1
491,0,2,1,0
237,6,0,5,1
678,9,16,3,1
233,1,0,1,0
58,2,1,0,0
81,0,2,2,0
223,9,30,1,1
736,3,3,9,1
246,4,1,0,0
379,1,0,0,0
157,2,0,2,0
296,3,17,0,1
51,0,2,2,0
110,1,2,0,0
768,7,19,3,1
244,2,0,6,0
641,1,8,7,1
142,9,3,5,1
208,1,2,2,0
136,9,10,3,1
412,1,2,2,0
891,8,10,3,1
989,10,6,2,1
51,7,9,9,1
349,7,4,1,1
576,6,2,5,1
263,1,0,2,0
694,3,23,5,1
254,1,1,0,0
128,2,8,3,1
108,4,16,9,1
290,1,2,2,0
241,2,3,1,0
243,2,2,2,0
349,3,6,10,1
275,2,2,2,0
400,3,22,10,1
720,0,30,3,1
339,2,1,2,0
77,2,5,3,1
188,2,22,6,1
620,6,8,0,1
73,8,11,9,1
463,1,3,1,0
732,10,18,8,1
420,0,11,4,1
94,0,0,0,0
400,3,29,8,1
125,3,26,2,1
114,8,0,3,1
210,2,3,4,0
360,2,27,8,1
957,3,19,8,1
183,5,24,9,1
819,3,28,0,1
118,1,1,2,0
748,10,17,1,1
262,2,0,0,0
144,6,8,4,1
109,2,10,0,1
499,4,0,1,1
599,7,9,9,1
300,1,3,0,0
318,2,19,10,1
887,10,16,3,1
184,9,28,7,1
138,5,14,0,1
223,0,0,2,0
28,4,1,1,0
25,0,2,0,0
48,3,2,0,0
219,1,8,1,1
971,0,13,3,1
112,1,0,6,0
260,2,10,2,0
179,9,29,3,1
152,3,20,2,1
383,0,3,1,0
471,6,5,5,1
295,2,2,1,0
730,3,17,10,1
87,2,2,1,0
182,2,15,8,1
169,2,3,3,0
427,0,29,4,1
379,2,11,8,1
184,2,0,0,0
955,8,16,10,1
812,7,11,6,1
25,2,3,1,0
221,1,0,0,0
148,2,7,1,0
243,2,2,4,0
132,2,5,6,0
273,2,3,1,0
47,1,8,1,0
184,6,13,3,1
953,8,14,3,1
269,2,3,2,0
74,0,2,0,0
616,7,5,4,1
45,0,0,5,0
346,0,2,9,1
167,2,12,7,1
997,2,17,4,1
116,3,30,3,1
127,2,10,1,0
201,2,1,2,0
366,2,3,0,0
177,2,3,1,0
247,1,1,4,0
374,10,30,5,1
119,8,24,8,1
257,2,2,2,0
59,2,13,9,1
314,2,8,0,0
101,1,7,7,1
202,1,5,3,0
469,0,10,3,1
224,2,3,2,0
83,1,2,1,0
106,3,3,1,0
251,8,10,9,1
710,0,26,4,1
90,3,7,5,1
106,5,3,1,0
463,8,7,8,1
214,0,7,1,0
296,0,1,1,0
157,2,16,10,1
658,6,27,10,1
51,2,1,0,0
196,0,9,6,1
147,2,21,5,1
315,3,21,3,1
294,1,2,1,0
274,1,3,1,0
224,5,7,0,0
865,7,10,8,1
141,1,2,3,1
176,0,3,0,0
869,5,5,3,1
220,2,2,1,0
136,0,1,2,0
150,1,1,0,0
909,4,25,4,1
55,2,10,5,0
107,2,2,6,0
157,1,2,0,0
357,9,16,1,1
452,5,24,3,1
482,3,16,6,1
275,0,1,0,0
162,2,3,1,0
818,4,7,5,1
134,1,1,3,0
895,2,23,2,1
97,2,2,0,0
880,5,22,5,1
240,4,0,1,1
163,0,3,4,0
85,0,3,1,0
113,2,9,2,0
148,2,1,1,0
274,0,1,1,0
46,0,7,0,0
157,2,13,5,1
265,4,2,0,0
294,0,2,5,0
114,10,28,9,1
132,0,26,5,1
449,2,0,8,1
327,9,11,9,1
715,2,14,7,1
187,0,8,2,0
131,10,16,7,1
716,0,2,6,1
214,2,0,6,0
677,7,28,7,1
231,4,2,2,0
820,3,20,6,1
79,2,3,6,0
43,2,1,1,0
730,8,20,4,1
183,5,23,0,1
321,9,11,6,1
99,2,2,2,0
332,10,13,1,1
597,7,16,3,1
807,7,3,7,1
113,3,3,1,0
156,2,2,1,0
154,2,23,9,1
243,0,3,2,0
188,1,7,0,0
257,1,8,0,0
442,3,28,10,1
213,2,8,1,0
122,2,2,2,0
35,0,1,0,0
213,1,3,0,0
707,3,23,8,1
58,1,0,1,0
296,2,8,1,0
29,5,5,2,0
338,8,7,8,1
138,0,4,1,0
394,3,22,0,1
99,0,1,1,0
32,2,1,4,0
671,7,7,9,1
249,1,3,1,0
31,1,0,0,0
661,7,14,7,1
828,8,12,4,1
946,7,16,10,1
115,6,4,3,1
788,1,29,5,1
212,3,7,0,0
246,9,19,3,1
114,0,0,3,0
275,2,3,0,0
612,6,9,0,1
152,0,10,2,0
202,0,2,0,0
180,2,5,8,1
162,9,21,4,1
83,1,1,0,0
683,7,30,4,1
128,0,0,0,0
240,5,19,9,1
134,5,3,10,1
475,1,16,4,1
705,2,5,10,1
38,0,0,2,0
988,6,0,3,1
286,2,1,2,0
630,6,22,4,1
182,1,1,1,0
786,4,6,5,1
508,10,25,5,1
375,2,0,2,0
275,10,28,3,1
185,0,0,0,0
258,2,1,4,1
205,0,0,1,0
247,2,4,1,0
145,2,3,0,0
123,1,2,0,0
208,2,0,0,0
376,2,26,7,1
152,5,0,1,0
130,2,1,6,0
139,1,0,1,0
188,3,5,4,1
242,4,0,1,0
293,2,6,0,0
196,1,1,2,0
151,0,0,5,0
543,5,2,5,1
145,1,3,0,0
137,3,3,2,0
415,2,3,1,0
251,1,1,0,0
260,0,3,5,0
92,1,2,0,0
189,4,2,0,0
296,0,0,5,0
194,2,5,1,0
260,1,2,2,0
97,2,2,2,0
197,0,3,0,0
331,2,2,4,0
210,3,5,9,1
386,10,26,2,1
118,2,3,0,0
137,7,18,7,1
79,0,2,0,0
138,7,30,3,1
231,1,3,4,0
258,0,2,2,0
283,0,2,2,0
168,4,13,2,1
151,2,3,6,0
431,1,18,10,1
135,0,3,0,1
205,4,3,3,1
277,1,6,4,1
501,7,7,5,1
997,0,6,6,1
255,0,24,10,1
150,5,1,7,1
138,7,28,4,1
64,1,2,2,0
197,2,3,1,0
262,1,2,5,0
718,2,4,8,1
235,1,0,1,0
148,3,5,1,0
528,9,16,9,1
638,6,21,1,1
238,1,7,2,0
142,9,24,10,1
76,1,15,4,1
179,0,3,0,0
136,0,1,2,0
647,2,11,1,1
128,4,2,5,0
460,2,13,8,1
212,9,26,7,1
280,2,2,2,0
514,9,7,7,1
240,1,1,1,0
838,2,2,3,1
980,2,9,9,1
502,2,4,5,1
136,2,0,5,0
720,5,9,3,1
156,2,2,1,0
127,0,4,0,0
123,3,2,2,0
577,3,19,5,1
120,0,17,6,1
22,1,1,2,0
446,1,0,2,0
247,2,0,1,0
334,5,5,9,1
192,2,30,7,1
21,1,7,3,0
57,3,24,6,1
113,0,6,6,0
616,2,13,6,1
293,2,1,1,0
978,6,3,3,1
138,0,10,9,1
489,6,15,6,1
121,8,10,8,1
247,0,1,4,0
245,0,0,0,0
51,2,4,2,0
223,0,0,0,0
710,9,14,0,1
805,3,30,0,1
874,6,25,4,1
499,2,19,4,1
105,1,2,1,0
200,1,0,0,0
852,3,11,6,1
87,0,3,0,0
323,9,20,7,1
377,2,0,2,0
769,10,3,5,1
232,1,2,2,0
231,4,3,2,0
56,9,3,3,1
742,6,23,6,1
300,2,1,4,0
160,0,3,2,0
208,2,8,1,0
207,0,3,1,0
211,5,3,1,0
819,8,14,7,1
903,5,5,3,1
215,2,0,1,0
136,0,6,2,0
27,2,2,0,0
867,8,26,10,1
515,3,2,3,1
653,9,30,9,1
839,6,0,8,1
695,2,0,3,1
64,2,0,5,0
147,0,2,0,0
57,1,1,2,0
123,9,2,3,1
225,2,8,2,0
629,9,21,1,1
839,1,27,10,1
533,4,5,5,1
433,4,3,10,1
192,1,1,1,0
251,3,27,6,1
45,2,3,2,0
145,1,2,0,0
802,4,10,4,1
354,5,6,4,1
130,1,2,5,0
214,0,1,2,0
124,9,7,5,1
57,5,12,7,1
184,4,1,2,0
247,1,7,6,1
86,2,1,2,0
107,0,2,0,0
121,10,30,5,1
21,0,1,1,0
258,2,0,0,0
865,2,27,7,1
243,1,3,2,0
102,4,27,10,1
140,5,5,8,1
341,4,8,2,0
158,0,11,6,1
747,8,18,5,1
40,2,3,2,0
283,8,30,1,1
170,2,2,2,0
596,7,5,8,1
701,4,7,7,1
513,4,4,1,1
265,2,1,2,0
140,3,24,8,1
335,4,21,9,1
923,2,17,1,1
77,3,3,2,0
192,9,5,10,1
777,3,28,3,1
66,1,1,1,0
480,2,3,0,0
629,4,8,3,1
719,4,5,5,1
182,2,0,2,0
99,0,1,1,0
27,1,6,2,0
83,0,3,2,0
172,2,11,10,1
961,7,1,4,1
257,1,10,1,0
652,10,12,6,1
265,2,6,6,0
331,3,8,10,1
296,2,3,1,0
318,9,12,0,1
849,2,8,1,1
114,8,6,9,1
198,2,0,0,0
606,10,17,7,1
589,10,8,8,1
187,0,2,2,0
153,2,0,4,0
97,2,1,1,0
195,2,1,1,0
955,6,10,8,1
909,1,2,3,1
428,9,5,2,1
649,6,2,0,1
128,2,1,3,1
872,7,11,7,1
341,2,19,8,1
200,2,2,5,0
426,1,3,1,0
811,8,27,10,1
388,1,9,8,1
297,2,1,2,0
257,4,3,1,0
116,2,24,1,1
247,0,1,2,0
102,1,2,0,0
218,2,2,0,0
76,0,7,6,0
268,0,2,1,0
528,7,5,8,1
400,0,0,1,0
92,1,0,1,0
172,4,18,7,1
79,4,20,3,1
74,1,0,2,0
147,4,2,4,1
260,2,7,1,0
159,0,23,0,1
717,8,22,7,1
125,2,3,6,0
458,9,16,5,1
239,2,1,4,0
64,1,5,2,0
81,1,3,1,0
292,0,0,5,0
202,0,3,2,0
775,10,1,3,1
89,2,1,0,0
149,6,5,0,1
197,1,10,0,0
197,10,21,8,1
922,6,7,10,1
186,0,2,1,0
21,0,1,1,0
156,8,24,2,1
101,5,0,8,1
313,1,2,1,0
148,3,0,1,0
440,1,3,2,0
210,5,2,1,0
199,5,17,2,1
237,1,1,1,0
164,2,0,0,0
797,9,9,6,1
516,9,2,4,1
483,6,21,10,1
34,1,1,1,0
111,0,1,6,0
738,3,2,8,1
63,1,0,2,0
858,6,1,4,1
888,2,10,0,1
632,8,28,8,1
372,9,21,5,1
889,3,16,8,1
496,2,2,2,0
384,1,12,6,1
218,2,5,0,0
189,0,2,6,0
228,1,0,0,0
132,3,9,9,1
442,4,2,10,1
200,4,0,2,0
66,2,14,5,1
189,2,3,2,0
240,0,0,2,0
210,0,3,0,0
408,0,24,8,1
191,2,1,4,1
129,2,21,7,1
238,0,10,0,0
510,4,21,9,1
297,0,2,2,0
140,1,2,2,0
83,4,2,0,0
133,0,0,1,0
363,0,2,0,0
555,2,17,3,1
102,2,0,0,0
790,3,24,0,1
393,4,6,9,1
212,0,3,3,0
156,3,3,0,0
411,1,3,2,0
56,0,0,5,0
182,2,9,10,1
841,2,28,8,1
33,1,1,1,0
213,0,0,4,0
192,3,16,3,1
484,0,28,4,1
160,9,0,3,1
101,9,16,3,1
144,0,2,2,0
791,3,22,7,1
187,4,18,3,1
602,10,30,5,1
167,0,0,1,0
82,0,24,6,1
181,2,0,2,0
206,0,2,0,0
76,1,2,0,0
481,7,6,4,1
868,9,14,5,1
421,2,3,0,0
195,2,5,0,1
96,2,0,1,0
66,1,10,2,0
662,4,13,8,1
227,2,0,2,0
423,10,5,6,1
205,1,0,2,0
681,4,18,10,1
161,9,17,9,1
590,5,5,8,1
358,1,17,1,1
235,1,3,2,0
714,9,30,7,1
201,0,7,2,0
53,0,1,1,0
198,2,9,2,0
383,1,1,0,0
165,0,3,1,0
573,5,27,4,1
592,9,26,6,1
637,2,27,6,1
107,2,0,2,0
505,5,7,10,1
124,0,4,3,0
735,7,28,4,1
50,2,6,8,1
175,1,13,6,1
882,0,0,9,1
62,1,18,2,1
57,5,16,6,1
278,7,18,10,1
125,1,0,0,0
144,0,8,2,0
119,1,11,5,1
262,1,2,0,0
254,5,3,2,0
112,3,12,3,1
487,2,0,0,0
201,1,0,2,0
211,10,8,5,1
37,1,2,2,0
491,3,2,2,0
229,1,3,2,0
89,1,3,2,0
123,2,2,0,0
48,1,0,0,0
958,7,26,7,1
477,2,29,3,1
196,1,1,2,0
122,9,5,9,1
519,4,0,4,1
385,4,12,3,1
596,2,6,2,1
859,8,15,0,1
214,5,29,4,1
190,3,2,4,0
162,5,5,9,1
367,2,2,1,0
735,5,20,5,1
254,1,2,2,0
330,2,0,2,1
533,1,30,5,1
277,2,1,2,0
61,0,10,3,0
166,0,1,3,0
159,3,0,2,0
95,8,13,3,1
106,8,17,3,1
121,0,27,4,1
83,1,0,0,0
369,6,9,8,1
542,2,12,3,1
158,3,10,5,1
262,5,6,0,1
59,5,3,1,0
959,3,28,4,1
129,3,14,3,1
121,0,0,2,0
191,10,25,3,1
220,0,2,2,0
407,10,10,3,1
210,3,2,2,0
111,1,1,1,0
418,1,1,2,0
775,5,12,2,1
153,5,10,0,0
28,4,0,0,0
459,2,0,1,0
159,4,3,0,0
799,7,28,5,1
195,5,6,1,1
757,7,19,6,1
21,0,2,4,0
732,2,13,3,1
174,7,12,10,1
421,10,9,3,1
663,6,22,9,1
763,6,1,3,1
688,8,6,1,1
80,10,25,7,1
529,3,0,8,1
456,0,5,1,0
802,2,15,3,1
255,10,7,10,1
84,1,14,10,1
142,0,0,1,0
68,0,0,2,0
280,1,0,1,0
333,10,0,0,1
118,1,3,0,0
263,2,1,1,0
421,7,17,5,1
179,4,1,2,0
241,2,3,1,0
283,4,2,2,0
93,4,0,6,0
655,7,10,1,1
217,1,1,2,0
211,1,0,0,0
637,8,26,10,1
260,5,2,2,0
81,2,1,2,0
419,8,8,6,1
110,1,18,9,1
221,1,2,2,0
721,5,19,1,1
23,4,2,6,0
241,1,5,1,0
159,2,6,8,1
306,0,26,10,1
270,2,3,0,0
331,2,1,1,0
91,2,2,2,0
958,2,2,4,1
166,1,2,0,0
133,0,1,0,0
291,1,1,2,0
124,1,2,1,0
207,0,0,2,0
469,4,3,5,1
62,2,3,0,0
228,2,8,0,0
307,9,17,4,1
691,3,26,3,1
260,3,2,1,0
141,1,2,1,0
50,0,1,0,0
220,1,2,2,0
114,4,2,1,0
534,1,29,3,1
269,5,2,1,0
189,4,8,9,1
912,9,5,9,1
335,2,1,10,1
216,1,0,5,0
366,6,12,8,1
94,0,1,2,0
688,7,29,3,1
89,4,26,4,1
96,2,0,0,0
52,2,0,1,0
300,1,4,1,0
675,9,26,2,1
417,5,13,8,1
450,1,7,0,0
458,6,5,6,1
96,1,0,2,0
220,4,3,1,0
429,1,3,4,0
242,0,3,0,0
98,2,2,0,0
311,2,23,9,1
66,2,0,6,0
533,2,5,4,1
76,9,14,10,1
83,1,0,0,0
475,7,15,10,1
39,2,5,1,0
223,2,1,2,0
28,1,2,0,0
483,0,15,7,1
195,0,3,2,0
927,8,9,9,1
122,1,3,1,0
149,3,25,6,1
264,1,2,2,0
127,5,23,10,1
745,2,10,8,1
130,2,11,3,1
153,2,4,0,0
777,2,5,4,1
202,2,0,0,0
405,1,3,2,0
60,0,2,1,0
485,1,0,2,0
582,8,24,5,1
133,0,20,6,1
293,6,27,10,1
226,0,3,0,0
856,10,13,0,1
71,2,0,2,0
270,2,1,1,0
260,1,1,0,0
51,3,3,0,0
802,10,30,8,1
816,7,20,10,1
393,7,20,4,1
97,0,0,0,0
239,1,3,6,0
445,2,3,2,0
194,3,19,3,1
92,5,27,10,1
548,5,2,10,1
521,4,14,8,1
558,6,0,10,1
827,1,26,10,1
85,5,1,1,0
45,2,3,4,0
302,9,22,8,1
455,1,3,0,0
865,2,14,4,1
239,4,15,5,1
493,4,30,2,1
414,3,26,10,1
464,2,3,1,1
507,3,3,10,1
248,3,19,6,1
231,4,0,1,0
184,10,24,9,1
114,4,6,7,1
35,0,1,1,0
184,0,4,0,0
948,5,26,1,1
750,7,4,10,1
219,0,2,1,0
62,10,1,9,1
43,0,0,0,0
345,0,1,1,0
30,0,2,4,0
270,2,2,2,0
200,2,6,0,0
704,5,30,2,1
842,2,23,0,1
259,3,15,6,1
132,2,2,6,0
306,5,8,0,0
199,2,0,4,1
50,10,4,6,1
78,2,0,1,0
679,7,14,7,1
111,2,0,3,0
218,2,0,4,0
249,0,3,2,0
571,10,16,4,1
199,7,5,4,1
89,5,15,9,1
478,0,9,9,1
803,10,1,8,1
694,2,16,7,1
142,5,4,10,1
80,0,30,2,1
100,3,21,1,1
868,7,3,9,1
383,8,0,0,1
229,5,10,0,0
761,3,8,4,1
300,4,18,6,1
79,2,8,5,0
111,1,20,6,1
188,7,10,7,1
166,0,22,7,1
252,2,26,6,1
56,4,30,8,1
203,2,3,1,0
272,1,3,0,0
51,2,24,3,1
272,10,8,4,1
161,0,2,0,0
873,2,16,7,1
243,1,1,0,0
523,10,19,10,1
404,1,2,6,0
299,0,8,0,0
170,5,1,0,0
858,7,20,1,1
906,2,2,2,1
28,0,1,0,0
176,3,12,3,1
133,1,5,0,0
372,8,6,9,1
161,4,4,1,1
987,1,2,1,1
235,8,2,3,1
253,2,0,1,0
108,0,1,6,0
158,1,3,0,0
203,7,28,3,1
208,1,2,0,0
857,2,25,0,1
169,0,2,3,0
261,6,5,5,1
183,4,2,3,0
904,3,5,2,1
837,7,26,3,1
686,8,14,10,1
443,0,0,1,0
32,0,4,2,0
324,5,25,8,1
56,0,2,1,0
694,5,24,4,1
26,0,0,0,0
55,3,2,10,1
148,2,0,1,0
210,0,0,1,0
51,2,6,3,1
228,1,1,1,0
476,8,18,9,1
237,1,4,3,1
445,1,2,1,0
59,0,2,1,0
236,1,19,3,1
249,5,2,2,0
129,2,0,1,0
82,3,26,9,1
298,2,2,3,0
928,6,10,9,1
266,0,0,3,0
333,1,5,10,1
234,2,5,1,0
49,2,3,2,0
150,0,1,1,0
164,1,1,0,0
706,0,17,6,1
143,4,21,2,1
867,1,3,4,1
279,5,2,2,0
114,7,5,7,1
560,5,17,3,1
79,0,8,6,0
215,2,1,1,0
739,3,5,1,1
254,4,18,9,1
182,1,0,0,0
326,1,0,1,0
872,5,0,10,1
803,0,16,5,1
560,1,3,8,1
153,1,8,2,0
93,1,5,2,0
889,3,20,7,1
335,2,1,1,0
256,6,7,2,1
101,1,14,6,1
177,0,0,0,0
640,5,4,5,1
685,3,24,10,1
57,0,1,1,0
239,2,0,0,0
159,0,2,1,0
301,10,30,3,1
206,1,1,0,0
318,3,2,7,1
234,4,25,5,1
399,1,2,0,0
176,0,2,0,0
187,0,2,0,0
288,7,18,3,1
366,0,5,0,0
103,4,3,7,1
488,2,0,1,0
290,1,0,0,0
409,5,16,2,1
343,10,21,9,1
468,0,0,0,0
220,2,0,2,0
174,1,3,2,0
251,5,5,0,0
186,10,28,6,1
398,2,3,4,0
177,4,3,5,0
224,1,3,0,0
280,2,3,2,0
209,0,8,1,0
110,1,2,5,0
195,5,1,1,0
23,3,0,1,0
218,4,3,1,0
65,2,2,2,0
319,1,3,2,0
958,2,19,4,1
156,0,0,2,0
990,4,2,3,1
864,9,29,4,1
176,2,1,2,0
210,3,5,0,0
211,1,2,4,0
229,0,4,1,0
87,1,3,1,0
422,5,23,7,1
172,0,1,2,0
271,2,2,0,0
220,9,24,2,1
101,8,29,7,1
292,1,3,1,0
735,7,30,1,1
183,0,2,0,0
466,0,28,9,1
418,7,20,3,1
865,10,5,6,1
186,6,7,7,1
106,7,8,3,1
269,2,1,0,0
779,3,23,8,1
142,8,16,1,1
74,1,1,1,0
949,8,19,9,1
231,0,4,2,0
270,4,1,1,0
71,0,0,2,0
163,2,25,3,1
143,0,5,8,1
134,4,3,1,0
59,4,1,2,0
241,5,26,3,1
223,1,0,5,0
420,2,20,5,1
70,2,3,0,0
63,2,17,0,1
313,10,28,10,1
244,2,1,2,0
869,3,26,6,1
396,5,7,9,1
63,2,5,2,0
173,10,22,8,1
145,2,7,2,0
744,2,23,0,1
47,2,0,2,0
431,4,5,5,1
288,0,3,2,0
447,2,0,0,0
107,2,2,1,0
29,0,2,0,0
414,4,13,10,1
90,2,21,6,1
239,1,1,2,0
117,1,3,2,0
217,0,0,1,0
189,0,3,1,0
177,3,19,4,1
574,10,21,7,1
260,1,1,1,0
156,3,11,6,1
843,10,3,5,1
387,1,3,0,0
322,9,2,10,1
81,2,2,2,0
493,9,6,9,1
35,2,2,5,0
178,7,19,9,1
601,7,3,5,1
465,2,3,2,0
193,2,0,8,1
57,0,1,2,0
182,2,5,4,0
161,2,1,1,0
288,3,6,1,0
305,1,5,7,1
254,0,0,1,0
188,2,1,2,0
874,1,1,5,1
145,1,2,0,0
106,1,0,0,0
137,10,2,2,1
187,5,23,10,1
62,1,1,0,0
73,1,3,1,0
893,9,6,10,1
159,6,19,7,1
120,2,21,3,1
91,3,3,0,0
863,2,22,10,1
382,5,4,9,1
658,3,16,10,1
611,4,22,4,1
721,3,27,3,1
266,0,0,0,0
159,2,3,0,0
171,6,14,10,1
57,1,2,4,0
235,0,0,1,0
188,1,0,2,0
242,0,0,2,0
166,2,5,4,1
22,1,3,4,0
814,7,7,7,1
616,3,8,7,1
473,4,12,9,1
662,5,6,7,1
723,8,30,6,1
859,1,28,5,1
226,2,3,2,0
750,10,9,3,1
360,2,1,5,0
158,3,0,1,0
299,8,0,10,1
170,4,20,7,1
364,6,20,3,1
29,4,3,5,0
124,1,1,2,0
267,1,4,1,0
134,9,2,8,1
281,2,7,2,0
115,2,6,0,1
735,10,29,1,1
35,1,0,2,0
241,4,5,6,1
79,4,0,2,0
124,0,28,7,1
219,1,2,2,0
521,1,5,9,1
162,5,23,8,1
699,2,24,5,1
393,0,2,5,0
244,2,0,0,0
283,4,26,6,1
983,2,11,0,1
245,5,2,0,0
130,5,13,4,1
198,1,7,3,0
229,0,4,6,0
92,0,3,1,0
547,3,2,3,1
780,3,7,8,1
275,1,0,0,0
87,0,3,2,0
174,1,0,4,1
62,1,5,1,0
86,0,5,0,0
673,1,19,3,1
30,2,1,0,0
195,1,0,0,0
253,2,1,1,0
130,3,13,5,1
154,2,1,2,0
88,9,27,6,1
151,2,9,9,1
108,1,4,0,0
292,2,0,5,0
147,1,3,0,0
69,1,1,2,0
60,4,0,0,0
145,3,26,3,1
159,5,0,2,0
784,4,19,9,1
170,2,9,2,0
281,1,4,6,0
99,0,0,2,0
498,10,17,7,1
57,8,15,6,1
106,8,3,6,1
119,5,23,1,1
151,10,8,1,1
933,6,14,9,1
702,2,4,7,1
617,2,14,6,1
940,2,9,2,1
965,3,14,8,1
714,3,28,6,1
879,0,5,3,1
214,2,21,10,1
515,3,9,1,1
160,1,1,0,0
91,3,0,5,0
830,8,5,10,1
243,8,30,7,1
226,2,0,1,0
960,1,5,3,1
49,1,2,1,0
514,5,7,10,1
755,10,26,5,1
40,1,5,0,0
244,6,6,3,1
54,2,3,2,0
134,4,29,7,1
498,8,17,10,1
648,7,21,4,1
523,2,12,4,1
997,4,30,3,1
809,2,5,6,1
54,5,12,7,1
50,1,1,0,0
278,10,11,6,1
388,7,1,8,1
175,1,1,0,0
88,4,0,1,0
382,1,14,0,1
101,0,1,6,0
118,2,1,0,0
163,2,3,0,0
457,6,26,10,1
301,9,6,7,1
190,1,1,1,0
176,1,2,1,0
218,0,1,6,1
226,1,2,2,0
190,3,26,2,1
184,3,2,2,0
216,0,2,2,0
185,0,2,2,0
137,0,3,1,0
923,6,19,9,1
193,2,1,1,1
638,2,25,1,1
414,8,11,10,1
908,2,27,9,1
298,0,1,1,0
929,7,19,1,1
220,2,0,1,0
414,5,2,7,1
83,5,1,2,0
858,8,8,4,1
181,0,4,1,0
142,0,0,2,0
649,9,5,9,1
808,5,4,4,1
258,2,2,4,0
274,2,2,2,0
83,10,23,10,1
256,2,3,2,0
286,1,7,4,0
408,2,21,0,1
599,2,18,9,1
316,2,13,8,1
917,2,17,3,1
694,5,11,1,1
268,0,1,0,0
82,10,8,0,1
57,2,0,4,0
278,2,7,7,1
375,3,3,3,1
520,9,8,10,1
57,7,5,1,1
770,9,0,7,1
866,7,5,8,1
292,1,3,1,0
56,10,2,4,1
120,3,20,4,1
238,1,6,2,0
299,0,2,0,0
238,2,2,1,0
113,4,0,0,0
155,2,25,8,1
764,6,14,10,1
161,5,5,0,0
875,2,21,7,1
145,2,2,0,0
288,1,2,5,0
159,1,0,2,0
212,2,0,0,0
89,10,28,4,1
314,6,26,10,1
317,2,0,2,0
505,10,3,6,1
119,9,9,10,1
456,3,11,10,1
944,10,15,6,1
180,1,1,2,0
154,7,21,8,1
582,9,9,3,1
214,1,2,1,0
475,5,8,3,1
129,0,3,6,0
208,2,1,0,0
465,6,12,6,1
732,4,11,1,1
558,0,10,5,1
426,1,0,0,0
227,2,4,1,0
91,0,3,0,0
140,2,0,1,0
862,3,2,4,1
960,9,19,8,1
140,8,26,8,1
45,0,2,2,0
147,4,6,3,1
724,6,0,10,1
108,1,2,0,0
285,1,2,1,0
602,10,16,6,1
666,3,20,4,1
139,3,21,4,1
174,10,18,7,1
660,6,4,7,1
694,1,29,5,1
231,4,6,10,1
97,8,9,4,1
166,4,1,2,0
836,1,0,7,1
149,2,0,1,0
657,5,28,3,1
312,3,3,2,0
760,10,9,7,1
73,5,0,3,1
274,2,0,1,0
92,1,7,0,0
249,9,4,6,1
215,1,1,0,0
490,0,1,6,0
233,5,1,2,0
158,2,2,1,0
156,1,0,1,0
202,1,1,2,0
956,9,10,10,1
553,3,9,10,1
244,5,7,3,1
686,6,20,7,1
376,4,30,10,1
100,1,1,1,0
95,5,3,7,1
71,1,2,2,0
574,7,0,10,1
302,2,2,2,0
156,2,3,2,0
165,0,10,1,0
98,6,3,6,1
186,2,2,2,0
682,3,13,10,1
456,5,13,2,1
300,0,1,1,0
59,1,0,1,0
31,0,3,2,0
246,2,2,0,0
318,2,3,0,0
168,3,6,0,1
177,4,22,2,1
269,0,3,2,0
343,0,30,10,1
41,2,0,2,0
257,0,2,2,0
383,10,10,1,1
153,2,3,1,0
782,1,14,5,1
403,3,4,4,1
124,1,9,0,0
149,6,25,5,1
167,0,9,1,0
214,2,3,0,0
748,3,22,10,1
118,8,3,0,1
225,2,27,10,1
429,1,2,2,0
999,3,2,9,1
253,0,3,1,0
169,1,2,6,0
254,0,1,2,0
125,5,8,3,1
112,2,6,0,0
282,1,1,0,0
170,10,2,6,1
106,1,0,2,0
80,2,3,0,0
993,5,18,5,1
237,2,3,6,0
500,5,8,7,1
740,8,14,6,1
121,1,2,3,0
227,3,1,1,0
449,5,26,4,1
48,1,1,0,0
295,4,3,0,0
414,3,14,3,1
459,7,22,7,1
289,9,4,10,1
71,1,24,9,1
720,5,12,2,1
195,3,12,9,1
717,1,2,2,1
339,2,1,2,0
480,3,11,1,1
868,7,5,7,1
285,1,2,1,0
224,5,3,1,0
263,0,3,2,0
284,9,26,6,1
171,3,15,6,1
100,2,10,2,1
301,10,3,6,1
623,9,5,3,1
